date,datetime,desc,img,link,media,title
1 week ago,2020-12-25 17:13:57.395606,WASHINGTON (AP) — Pfizer said Wednesday it will supply the U.S. government with an additional 100 million doses of its COVID-19 vaccine under a new ...,"data:image/gif;base64,R0lGODlhAQABAIAAAP///////yH5BAEKAAEALAAAAAABAAEAAAICTAEAOw==",https://apnews.com/article/health-coronavirus-pandemic-coronavirus-vaccine-f35259fee53146887591c32fd8ca6fdb,Associated Press,Pfizer to supply US with additional 100M doses of vaccine
1 week ago,2020-12-25 17:13:57.396631,"With this agreement, the federal government will have purchased 200 million doses of Pfizer/BioNTech's Covid-19 vaccine for $4 billion. The vaccine is 95% ...","data:image/gif;base64,R0lGODlhAQABAIAAAP///////yH5BAEKAAEALAAAAAABAAEAAAICTAEAOw==",https://www.cnn.com/2020/12/23/health/pfizer-vaccine-purchase-100-million-doses/index.html,CNN,Trump administration to purchase additional 100 million Pfizer vaccine doses
th · 1 week ago,2020-12-25 17:13:57.513291,"So far, only two pharmaceutical companies — Pfizer and Moderna — have won federal authorization for emergency distribution of Covid-19 vaccines, and most of ...","data:image/gif;base64,R0lGODlhAQABAIAAAP///////yH5BAEKAAEALAAAAAABAAEAAAICTAEAOw==",https://www.nytimes.com/2020/12/22/us/pfizer-vaccine-doses.html,The New York Times,Pfizer Nears Deal to Provide More Vaccine Doses
1 month ago,2020-12-01 17:13:57.515314,"In giving the go-ahead for emergency use of the vaccine developed by American drugmaker Pfizer and Germany's BioNTech, Britain vaulted past the United ...","data:image/gif;base64,R0lGODlhAQABAIAAAP///////yH5BAEKAAEALAAAAAABAAEAAAICTAEAOw==",https://apnews.com/article/uk-authorizes-vaccine-emergency-use-ea0170c978eb281a905866e5bd78bbdf,Associated Press,Britain OKs Pfizer vaccine and will begin shots within days
1 month ago,2020-12-01 17:13:57.517309,Pfizer and BioNTech's Covid-19 vaccine wins UK authorization -- first in the West. Britain becomes first nation in West to get a coronavirus shot; earliest doses to go ...,"data:image/gif;base64,R0lGODlhAQABAIAAAP///////yH5BAEKAAEALAAAAAABAAEAAAICTAEAOw==",https://www.foxnews.com/health/pfizer-and-biontechs-covid-19-vaccine-wins-uk-authorization,Fox News,Pfizer and BioNTech’s Covid-19 vaccine wins UK authorization -- first in the West
th · 1 month ago,2020-12-01 17:13:57.600094,"LONDON — Britain gave emergency authorization on Wednesday to Pfizer's coronavirus vaccine, leaping ahead of the United States to become the first ...","data:image/gif;base64,R0lGODlhAQABAIAAAP///////yH5BAEKAAEALAAAAAABAAEAAAICTAEAOw==",https://www.nytimes.com/2020/12/02/world/europe/pfizer-coronavirus-vaccine-approved-uk.html,The New York Times,"U.K. Approves Pfizer Coronavirus Vaccine, a First in the West"
2 weeks ago,2020-12-18 17:13:57.601091,"O'FALLON, Mo. (AP) — Several states say they have been told to expect far fewer doses of the Pfizer-BioNTech COVID-19 vaccine in its second week of ...","data:image/gif;base64,R0lGODlhAQABAIAAAP///////yH5BAEKAAEALAAAAAABAAEAAAICTAEAOw==",https://apnews.com/article/health-coronavirus-pandemic-coronavirus-vaccine-87da29dc29e51236b90c2be9b023ce0a,Associated Press,Some states say Pfizer vaccine allotments cut for next week
2 weeks ago,2020-12-18 17:13:57.603051,Health and Human Services Secretary Alex Azar and special adviser Dr. Moncef Slaoui also told reporters Wednesday that Pfizer had been unable to commit to a ...,"data:image/gif;base64,R0lGODlhAQABAIAAAP///////yH5BAEKAAEALAAAAAABAAEAAAICTAEAOw==",https://apnews.com/article/politics-alex-azar-coronavirus-pandemic-coronavirus-vaccine-5adc0da61e18bf366635607ccd222614,Associated Press,US angling to secure more of Pfizer's coronavirus vaccine
3 weeks ago,2020-12-11 17:13:57.606043,"London (CNN) People with a ""significant history of allergic reactions"" should not be given the Pfizer/BioNTech coronavirus vaccine, UK health authorities said ...","data:image/gif;base64,R0lGODlhAQABAIAAAP///////yH5BAEKAAEALAAAAAABAAEAAAICTAEAOw==",https://www.cnn.com/2020/12/09/health/covid-vaccine-allergies-health-workers-uk-intl-gbr/index.html,CNN,Allergy warning for Pfizer/BioNTech vaccine after UK health workers with allergy history suffer reaction
1 day ago,2020-12-31 17:13:57.607041,Doctors in the U.K. are pushing back on the decision to delay administering the second dose of Pfizer's vaccine later than the three week period studied in ...,"data:image/gif;base64,R0lGODlhAQABAIAAAP///////yH5BAEKAAEALAAAAAABAAEAAAICTAEAOw==",https://www.cnbc.com/2020/12/31/doctors-criticize-uk-health-officials-for-changing-pfizer-covid-vaccine-plan-.html,CNBC,Doctors criticize UK health officials for changing Pfizer Covid vaccine plan
23 hours ago,2020-12-31 18:13:59.992091,"The BioNTech-Pfizer vaccine has to be stored at ultra-frozen temperatures, a big hurdle for developing countries where the required freezers and reliable ...","data:image/gif;base64,R0lGODlhAQABAIAAAP///////yH5BAEKAAEALAAAAAABAAEAAAICTAEAOw==",https://www.pbs.org/newshour/health/who-clears-pfizer-coronavirus-vaccine-for-emergency-use,PBS NewsHour,WHO clears Pfizer coronavirus vaccine for emergency use
1 day ago,2020-12-31 17:13:59.993088,"The Pfizer-BioNTech and Moderna COVID-19 vaccines both have a shelf life of up to six months, but Pfizer's requires ultra-cold storage to last that long, the ...","data:image/gif;base64,R0lGODlhAQABAIAAAP///////yH5BAEKAAEALAAAAAABAAEAAAICTAEAOw==",https://www.king5.com/article/news/verify/verify-how-long-does-it-take-for-the-covid-19-vaccines-expire/283-01e27612-0b23-4f3f-9e2f-f94a3ba6be19,KING5.com,VERIFY: How long does it take for Pfizer and Moderna's COVID-19 vaccines to expire?
1 day ago,2020-12-31 17:13:59.995083,WHO approves Pfizer's coronavirus vaccine for emergency use. The World Health Organization's emergency use approval follows that of the U.S. FDA and the ...,"data:image/gif;base64,R0lGODlhAQABAIAAAP///////yH5BAEKAAEALAAAAAABAAEAAAICTAEAOw==",https://www.foxnews.com/health/who-approves-pfizer-coronavirus-vaccine,Fox News,WHO approves Pfizer's coronavirus vaccine for emergency use
3 weeks ago,2020-12-11 17:13:59.996080,The emergency use authorization allows the Pfizer-BioNTech COVID-19 Vaccine to be distributed in the U.S.. “The FDA's authorization for emergency use of the ...,"data:image/gif;base64,R0lGODlhAQABAIAAAP///////yH5BAEKAAEALAAAAAABAAEAAAICTAEAOw==",https://www.fda.gov/news-events/press-announcements/fda-takes-key-action-fight-against-covid-19-issuing-emergency-use-authorization-first-covid-19,,FDA Takes Key Action in Fight Against COVID-19 By Issuing ...
3 weeks ago,2020-12-11 17:13:59.997080,"FDA approves Pfizer's coronavirus vaccine for distribution. President Trump hails ""medical miracle,"" calling it one of the greatest scientific accomplishments in ...","data:image/gif;base64,R0lGODlhAQABAIAAAP///////yH5BAEKAAEALAAAAAABAAEAAAICTAEAOw==",https://www.foxnews.com/health/fda-approves-pfizers-coronavirus-vaccine-for-eua,Fox News,FDA approves Pfizer's coronavirus vaccine for distribution
th · 3 weeks ago,2020-12-11 17:14:00.076825,"The Pfizer-BioNTech vaccine is a completely new type made from messenger RNAs (mRNAs)—bits of genetic material that, in this case, instruct cells to produce ...","data:image/gif;base64,R0lGODlhAQABAIAAAP///////yH5BAEKAAEALAAAAAABAAEAAAICTAEAOw==",https://www.scientificamerican.com/article/pfizer-biontech-covid-vaccine-is-first-to-win-u-s-authorization/,Scientific American,Pfizer-BioNTech COVID Vaccine Is First to Win U.S. ...
3 weeks ago,2020-12-11 17:14:00.077822,"Before Pfizer's coronavirus vaccine was proved highly successful in clinical trials last month, the company offered the Trump administration the chance to lock in ...","data:image/gif;base64,R0lGODlhAQABAIAAAP///////yH5BAEKAAEALAAAAAABAAEAAAICTAEAOw==",https://www.nytimes.com/2020/12/07/us/trump-covid-vaccine-pfizer.html,The New York Times,Trump administration officials passed when Pfizer offered months ago to sell the U.S. more vaccine doses.
3 weeks ago,2020-12-11 17:14:00.079821,"Pfizer (PFE) by itself is projected to haul in $19 billion in Covid-19 vaccine revenue in 2021, according to Morgan Stanley. That's on top of an estimated $975 ...","data:image/gif;base64,R0lGODlhAQABAIAAAP///////yH5BAEKAAEALAAAAAABAAEAAAICTAEAOw==",https://www.cnn.com/2020/12/11/business/pfizer-vaccine-covid-moderna-revenue/index.html,CNN,Pfizer and Moderna could score $32 billion in Covid-19 vaccine sales -- in 2021 alone
3 days ago,2020-12-29 17:14:00.080814,"Because of their fragility, the mRNA molecules will quickly fall apart at room temperature. Pfizer is building special containers with dry ice, thermal sensors and ...","data:image/gif;base64,R0lGODlhAQABAIAAAP///////yH5BAEKAAEALAAAAAABAAEAAAICTAEAOw==",https://www.nytimes.com/interactive/2020/health/pfizer-biontech-covid-19-vaccine.html,The New York Times,How the Pfizer-BioNTech Covid-19 Vaccine Works
2 weeks ago,2020-12-18 17:14:00.081811,"The Pfizer vaccine showed efficacy of 95% at preventing symptomatic Covid infection, measured starting from seven days after the second dose was administered.","data:image/gif;base64,R0lGODlhAQABAIAAAP///////yH5BAEKAAEALAAAAAABAAEAAAICTAEAOw==",https://www.statnews.com/2020/12/19/a-side-by-side-comparison-of-the-pfizer-biontech-and-moderna-vaccines/,STAT,A side-by-side comparison of the Pfizer/BioNTech and ...
3 weeks ago,2020-12-11 17:14:01.140770,"Pfizer's Covid Vaccine Ships Within Hours. Here's How the U.S. Plans to Deliver It. By MacKenzie Sigalos, CNBC • Published December 12, 2020 • ...","data:image/gif;base64,R0lGODlhAQABAIAAAP///////yH5BAEKAAEALAAAAAABAAEAAAICTAEAOw==",https://www.nbcdfw.com/news/business/money-report/pfizers-covid-vaccine-ships-within-hours-heres-how-the-u-s-plans-to-get-it-to-everyone/2503757/,NBC 5 Dallas-Fort Worth,Pfizer's Covid Vaccine Ships Within Hours. Here's How the U.S. Plans to Deliver It
3 weeks ago,2020-12-11 17:14:01.141769,... Pfizer and BioNTech be authorized for emergency use during the coronavirus ... of the Pfizer-BioNTech COVID-19 vaccine outweigh its risks for use in people ...,"data:image/gif;base64,R0lGODlhAQABAIAAAP///////yH5BAEKAAEALAAAAAABAAEAAAICTAEAOw==",https://www.npr.org/sections/health-shots/2020/12/10/944813076/fda-advisers-weigh-pfizers-covid-19-vaccine,NPR,FDA Panel Supports Emergency Authorization For Pfizer COVID-19 Vaccine : Shots - Health News
th · 3 weeks ago,2020-12-11 17:14:01.215571,"A U.S. government advisory panel has endorsed Pfizer's coronavirus vaccine, in a major step toward an epic vaccination campaign that could finally conquer the ...","data:image/gif;base64,R0lGODlhAQABAIAAAP///////yH5BAEKAAEALAAAAAABAAEAAAICTAEAOw==",https://abcnews.go.com/Health/wireStory/pfizer-covid-19-vaccine-faces-hurdle-us-decision-74642554,ABC News,US panel endorses widespread use of Pfizer COVID-19 vaccine
3 weeks ago,2020-12-11 17:14:01.217569,"... of the US Food and Drug Administration's vaccine advisers, who are discussing emergency use authorization for Pfizer and BioNTech's coronavirus vaccine.","data:image/gif;base64,R0lGODlhAQABAIAAAP///////yH5BAEKAAEALAAAAAABAAEAAAICTAEAOw==",https://www.cnn.com/2020/12/09/health/fda-meeting-pfizer-vaccine-emergency-use/index.html,CNN,Key committee meets Thursday to consider FDA authorization for Pfizer/BioNTech Covid-19 vaccine
2 weeks ago,2020-12-18 17:14:01.218563,"NASHVILLE, – The Tennessee Department of Health today announced the state has received its first shipment of the Pfizer-BioNTech COVID-19 vaccine ahead ...","data:image/gif;base64,R0lGODlhAQABAIAAAP///////yH5BAEKAAEALAAAAAABAAEAAAICTAEAOw==",https://www.tn.gov/health/news/2020/12/14/pfizer-covid-19-vaccination-arriving-in-tennessee--next-steps-announced.html,tn.gov,"Pfizer COVID-19 Vaccination Arriving in Tennessee, Next ..."
3 weeks ago,2020-12-11 17:14:01.220482,Pfizer/BioNTech and FDA agreed about the overall 95% efficacy of the two-dose vaccine regimen. FDA's subgroup analysis of the available Phase 3 clinical trial ...,"data:image/gif;base64,R0lGODlhAQABAIAAAP///////yH5BAEKAAEALAAAAAABAAEAAAICTAEAOw==",https://www.raps.org/news-and-articles/news-articles/2020/12/vrbpac-to-hear-of-high-and-early-efficacy-for-pfiz,Regulatory Focus,VRBPAC to hear of high – and early – efficacy for Pfizer's ...
1 month ago,2020-12-01 17:14:01.224557,"With limited doses of the Pfizer/BioNTech vaccine to give out for the time being, the UK is establishing several priority tiers for Covid-19 immunization. The ...","data:image/gif;base64,R0lGODlhAQABAIAAAP///////yH5BAEKAAEALAAAAAABAAEAAAICTAEAOw==",https://www.vox.com/2020/12/2/21983642/uk-first-approves-pfizer-vaccine-biontech-covid-19,Vox,UK approves Pfizer/BioNTech’s Covid-19 vaccine: Older adults in care homes will be first
2 weeks ago,2020-12-18 17:14:01.226541,"Health and Human Services Secretary Alex Azar said Thursday he'd like “more visibility” into Pfizer's Covid vaccine manufacturing, adding Pfizer has kept the ...","data:image/gif;base64,R0lGODlhAQABAIAAAP///////yH5BAEKAAEALAAAAAABAAEAAAICTAEAOw==",https://www.cnbc.com/2020/12/17/covid-vaccine-hhs-secretary-azar-says-pfizer-keeps-us-at-arms-length-on-manufacturing.html,CNBC,HHS Secretary Azar says Pfizer keeps government at 'arm's length' on Covid vaccine manufacturing
3 weeks ago,2020-12-11 17:14:01.227540,"Distribution of the Pfizer vaccine has begun, with shipments expected to reach 636 sites this week. The first shots could be given as soon as tomorrow.","data:image/gif;base64,R0lGODlhAQABAIAAAP///////yH5BAEKAAEALAAAAAABAAEAAAICTAEAOw==",https://www.npr.org/2020/12/13/945989914/first-shipments-of-pfizers-covid-19-vaccine-to-be-delivered-monday,,1st Shipments Of Pfizer's COVID-19 Vaccine To Be Delivered ...
1 month ago,2020-12-01 17:14:01.229533,The UK's Medicines and Healthcare products Regulatory Agency (MHRA) granted temporary authorization on 2 December to Pfizer and BioNTech's ...,"data:image/gif;base64,R0lGODlhAQABAIAAAP///////yH5BAEKAAEALAAAAAABAAEAAAICTAEAOw==",https://www.raps.org/news-and-articles/news-articles/2020/12/mhra-authorizes-pfizer-biontech-covid-vaccine-as-f,Regulatory Focus,MHRA authorizes Pfizer-BioNTech COVID vaccine as FDA ...
1 month ago,2020-12-01 17:14:02.264057,"EMA confirms successful application for Conditional Marketing Authorization for BNT162b2, which Pfizer and BioNTech submitted yesterday; In addition to ...","data:image/gif;base64,R0lGODlhAQABAIAAAP///////yH5BAEKAAEALAAAAAABAAEAAAICTAEAOw==",https://www.globenewswire.com/news-release/2020/12/01/2137181/0/en/Pfizer-and-BioNTech-Submitted-Application-for-Conditional-Marketing-Authorization-for-COVID-19-Vaccine-to-the-EMA.html,,Pfizer and BioNTech Submitted Application for Conditional ...
1 month ago,2020-12-01 17:14:02.266051,LONDON — U.S. pharmaceutical giant Pfizer and its German partner BioNTech said they have applied to the European Medicines Agency for the conditional ...,"data:image/gif;base64,R0lGODlhAQABAIAAAP///////yH5BAEKAAEALAAAAAABAAEAAAICTAEAOw==",https://www.cnbc.com/2020/12/01/pfizer-biontech-apply-for-coronavirus-vaccine-approval-in-europe.html,CNBC,"Pfizer, BioNTech apply for Covid vaccine approval in Europe"
1 month ago,2020-12-01 17:14:02.268047,"Albert Bourla, Pfizer's chairman and CEO, said: “We have known since the beginning of this journey that patients are waiting, and we stand ready to ship Covid-19 ...","data:image/gif;base64,R0lGODlhAQABAIAAAP///////yH5BAEKAAEALAAAAAABAAEAAAICTAEAOw==",https://www.wsj.com/articles/pfizer-biontech-file-for-covid-19-vaccine-approval-in-europe-11606816904,The Wall Street Journal,"Pfizer, Moderna Request Covid-19 Vaccine Authorization in Europe"
2 weeks ago,2020-12-18 17:14:02.269044,A FedEx van delivered 975 doses of Pfizer's vaccine to the Colorado Department of Public Health and Environment's lab in east Denver. The vehicle arrived at a ...,"data:image/gif;base64,R0lGODlhAQABAIAAAP///////yH5BAEKAAEALAAAAAABAAEAAAICTAEAOw==",https://coloradosun.com/2020/12/14/pfizer-coronavirus-vaccine-arrives-colorado/,The Colorado Sun,“Absolutely historic”: First doses of Pfizer's coronavirus ...
2 weeks ago,2020-12-18 17:14:02.271039,"Despite high efficacy figures for the Pfizer/BioNTech and Moderna vaccines in pivotal studies, there's “still widespread hesitancy among the general public,” the ...","data:image/gif;base64,R0lGODlhAQABAIAAAP///////yH5BAEKAAEALAAAAAABAAEAAAICTAEAOw==",https://www.fiercepharma.com/pharma/as-first-covid-19-vaccine-doses-roll-unprecedented-immunization-campaign-awaits,FiercePharma,As Pfizer's first COVID-19 vaccine doses roll across the U.S. ...
2 weeks ago,2020-12-18 17:14:02.275037,"The FDA authorized Pfizer's vaccine last week. ByIvan Pereira. December 14, 2020, 12:27 PM.","data:image/gif;base64,R0lGODlhAQABAIAAAP///////yH5BAEKAAEALAAAAAABAAEAAAICTAEAOw==",https://abcnews.go.com/US/us-administer-1st-doses-pfizer-coronavirus-vaccine/story?id=74703018,ABC News,US administers 1st doses of Pfizer coronavirus vaccine
2 days ago,2020-12-30 17:14:02.277023,"Still, the global need for the vaccine and Pfizer's considerable presence and reach on the market should make that goal achievable. The EU launched a large- ...","data:image/gif;base64,R0lGODlhAQABAIAAAP///////yH5BAEKAAEALAAAAAABAAEAAAICTAEAOw==",https://www.fool.com/investing/2020/12/29/pfizer-and-biontech-supplying-100-million-addition/,Motley Fool,Pfizer and BioNTech Supplying 100 Million Additional Doses of Coronavirus Vaccine to European Union
2 weeks ago,2020-12-18 17:14:02.278020,The news of the accelerated timeline for Pfizer's vaccine candidate comes as EMA acknowledged that some documents in the Pfizer-BioNTech submission packet ...,"data:image/gif;base64,R0lGODlhAQABAIAAAP///////yH5BAEKAAEALAAAAAABAAEAAAICTAEAOw==",https://www.raps.org/news-and-articles/news-articles/2020/12/pfizer-biontech-covid-vaccine-set-for-21-december,,"Despite data breach, CHMP set to consider Pfizer-BioNTech ..."
2 weeks ago,2020-12-18 17:14:02.279017,"Health officials are closely monitoring six people who experienced severe side effects from Pfizer's coronavirus vaccine in the U.S., where more than a quarter ...","data:image/gif;base64,R0lGODlhAQABAIAAAP///////yH5BAEKAAEALAAAAAABAAEAAAICTAEAOw==",https://www.nydailynews.com/news/national/ny-pfizer-covid-vaccine-cdc-confirms-six-cases-of-anaphylaxis-20201220-la63j6rhrzfebboauopp6ni2gi-story.html,New York Daily News,Pfizer's COVID vaccine: CDC confirms 6 cases of anaphylaxis
3 weeks ago,2020-12-11 17:14:02.281012,"The US government is offering to help increase production of the Pfizer/BioNTech Covid-19 vaccine, as it tries to secure another 100m doses of the jab that ...","data:image/gif;base64,R0lGODlhAQABAIAAAP///////yH5BAEKAAEALAAAAAABAAEAAAICTAEAOw==",https://www.ft.com/content/3c21ae81-3504-4d11-8784-c1b67458a0ca,Financial Times,US offers to help increase production of Pfizer/BioNTech ...
2 weeks ago,2020-12-18 17:14:03.335269,"Those next two weeks shipments of Pfizer are on hold right now,” DeSantis said Tuesday at a news conference in West Palm Beach. “We don't know whether we ...","data:image/gif;base64,R0lGODlhAQABAIAAAP///////yH5BAEKAAEALAAAAAABAAEAAAICTAEAOw==",https://www.tampabay.com/news/health/2020/12/16/florida-announces-delay-in-delivery-of-pfizer-vaccine/,Tampa Bay Times,Pfizer vaccine shipments to Florida delayed over production issues
2 weeks ago,2020-12-18 17:14:03.336269,"DeSantis: Next Pfizer vaccine shipments to Florida on hold. Coronavirus. by: Marco Villarreal. Posted: Dec 16, 2020 / 07:19 AM EST / Updated: Dec 16, 2020 ...","data:image/gif;base64,R0lGODlhAQABAIAAAP///////yH5BAEKAAEALAAAAAABAAEAAAICTAEAOw==",https://www.wfla.com/community/health/coronavirus/desantis-pfizer-vaccine-shipments-to-florida-on-hold/,WFLA,DeSantis: Next Pfizer vaccine shipments to Florida on hold
3 weeks ago,2020-12-11 17:14:03.337263,"MIAMI, Fla. – South Florida should be getting the very first doses of Pfizer's COVID-19 vaccine early next week. The two-dose vaccine was authorized by the ...","data:image/gif;base64,R0lGODlhAQABAIAAAP///////yH5BAEKAAEALAAAAAABAAEAAAICTAEAOw==",https://www.local10.com/news/local/2020/12/13/where-will-pfizer-covid-19-vaccine-go-when-it-gets-to-south-florida/,WPLG Local 10,Where will Pfizer’s COVID-19 vaccine go when it gets to South Florida?
3 weeks ago,2020-12-11 17:14:03.339264,"Some experts think Pfizer's vaccine could get authorized on Thursday, following an independent panel's vote. The reason Cuomo is expecting authorization so ...","data:image/gif;base64,R0lGODlhAQABAIAAAP///////yH5BAEKAAEALAAAAAABAAEAAAICTAEAOw==",https://www.businessinsider.com/cuomo-suggests-fda-might-authorize-pfizer-vaccine-thursday-2020-12,Business Insider,Cuomo suggests FDA might authorize Pfizer's COVID-19 vaccine Thursday - Business Insider
2 days ago,2020-12-30 17:14:03.341254,"California, Nevada, Oregon and Washington approve Pfizer's vaccine as 'safe for public use.' Eswatini's prime minister dies from Covid-19. Peru halts trials of a ...","data:image/gif;base64,R0lGODlhAQABAIAAAP///////yH5BAEKAAEALAAAAAABAAEAAAICTAEAOw==",https://www.nytimes.com/live/2020/12/13/world/covid-19-coronavirus,The New York Times,Trump Delays Plan to Hasten Coronavirus Vaccines for White House Staff
1 month ago,2020-12-01 17:14:03.343172,"(CNN) The first shipments of Pfizer's coronavirus vaccine will be delivered on December 15, according to an Operation Warp Speed document obtained by CNN ...","data:image/gif;base64,R0lGODlhAQABAIAAAP///////yH5BAEKAAEALAAAAAABAAEAAAICTAEAOw==",https://www.cnn.com/2020/12/01/health/first-pfizer-vaccine-shipments/index.html,CNN,First shipments of Pfizer vaccine to be delivered December 15
2 weeks ago,2020-12-18 17:14:03.344248,"UofL Health's frontline workers the first in Kentucky to receive Pfizer's COVID-19 vaccine. By uoflnews -. December 15, 2020. 478.","data:image/gif;base64,R0lGODlhAQABAIAAAP///////yH5BAEKAAEALAAAAAABAAEAAAICTAEAOw==",https://www.uoflnews.com/section/science-and-tech/uofl-healths-frontline-workers-the-first-in-kentucky-to-receive-pfizers-covid-19-vaccine/,uoflnews.com,UofL Health's frontline workers the first in Kentucky to receive Pfizer's COVID-19 vaccine
2 weeks ago,2020-12-18 17:14:03.345242,"More than 224,000 doses of the Pfizer vaccine have already been delivered in Texas. ———. THE VIRUS OUTBREAK: The United States reached a record of ...","data:image/gif;base64,R0lGODlhAQABAIAAAP///////yH5BAEKAAEALAAAAAABAAEAAAICTAEAOw==",https://abcnews.go.com/Health/wireStory/latest-china-begin-vaccinating-front-line-workers-74816176,ABC News,"The Latest: Texas virus death toll rises above 25,000"
1 month ago,2020-12-01 17:14:03.347237,(Politico); UK's Pfizer vaccine approval should reassure Americans: US health chief (Reuters); Moderna CEO expects emergency use nod for COVID-19 vaccine ...,"data:image/gif;base64,R0lGODlhAQABAIAAAP///////yH5BAEKAAEALAAAAAABAAEAAAICTAEAOw==",https://www.raps.org/news-and-articles/news-articles/2020/12/recon-uk-approves-pfizer-biontech-covid-vaccine-ha,Regulatory Focus,Recon: UK approves Pfizer-BioNTech COVID vaccine; Hahn ...
2 weeks ago,2020-12-18 17:14:03.349232,"West Virginia's next allotment of Pfizer vaccine has been cut by almost half, Adjutant Gen. James Hoyer said today, although he said the imminent approval of a ...","data:image/gif;base64,R0lGODlhAQABAIAAAP///////yH5BAEKAAEALAAAAAABAAEAAAICTAEAOw==",https://wvmetronews.com/2020/12/18/hoyer-expresses-disappointment-that-pfizer-allotment-to-w-va-has-been-reduced/,West Virginia MetroNews,Hoyer expresses disappointment that next Pfizer allotment to ...
1 week ago,2020-12-25 17:14:05.734233,"The COVID-19 vaccine distribution had a strong week last week, with 2.9-million doses initially coming from pharmaceutical company Pfizer, Army Gen. Gustave ...","data:image/gif;base64,R0lGODlhAQABAIAAAP///////yH5BAEKAAEALAAAAAABAAEAAAICTAEAOw==",https://www.defense.gov/Explore/News/Article/Article/2453288/pfizer-moderna-produce-covid-19-vaccine/,Department of Defense,"Pfizer, Moderna Produce COVID-19 Vaccine > US DEPARTMENT OF DEFENSE"
3 weeks ago,2020-12-11 17:14:05.735230,Israel's first batch of Pfizer vaccines was flown in on Wednesday as the country began to gear up for a mass vaccination effort to bring the coronavirus pandemic ...,"data:image/gif;base64,R0lGODlhAQABAIAAAP///////yH5BAEKAAEALAAAAAABAAEAAAICTAEAOw==",https://www.timesofisrael.com/1st-doses-of-pfizer-vaccine-arrive-in-israel-ahead-of-mass-inoculation-program/,The Times of Israel,1st doses of Pfizer vaccine arrive in Israel ahead of mass inoculation program
1 week ago,2020-12-25 17:14:05.736228,"Mexico on Thursday started to administer its first 3,000 doses of Pfizer-BioNTech's coronavirus vaccine to the first person in Latin America. Maria Irene Ramirez ...","data:image/gif;base64,R0lGODlhAQABAIAAAP///////yH5BAEKAAEALAAAAAABAAEAAAICTAEAOw==",https://www.nydailynews.com/coronavirus/ny-covid-mexico-starts-administering-pfizer-vaccine-20201224-45uuu6fuczc3vguwutpxyhpeo4-story.html,New York Daily News,Mexico starts administering Pfizerâ€™s COVID vaccine
3 days ago,2020-12-29 17:14:05.738222,"The European Union was asked on Tuesday to allow an extra dose of the COVID-19 vaccine developed by Pfizer and BioNTech to be taken from each vial, ...","data:image/gif;base64,R0lGODlhAQABAIAAAP///////yH5BAEKAAEALAAAAAABAAEAAAICTAEAOw==",https://www.reuters.com/article/us-health-coronavirus-europe-vaccines/eu-is-asked-to-approve-extra-dose-from-pfizer-vaccine-vials-idUSKBN2931CM,Reuters,EU is asked to approve extra dose from Pfizer vaccine vials
2 weeks ago,2020-12-18 17:14:05.739220,The first doses of the Pfizer COVID-19 vaccine arrived in Kansas City on Monday morning. Officials with Truman Medical Centers and University Health said the ...,"data:image/gif;base64,R0lGODlhAQABAIAAAP///////yH5BAEKAAEALAAAAAABAAEAAAICTAEAOw==",https://www.kmbc.com/article/pfizers-covid-19-vaccine-has-arrived-in-kansas-city/34965036,KMBC Kansas City,Pfizer's COVID-19 vaccine has arrived in Kansas City
2 weeks ago,2020-12-18 17:14:05.741214,"RICHMOND, Va. (WWBT) - Over the next two days, 70,000 doses of Pfizer's COVID-19 vaccine are heading to 18 health care systems across Virginia including ...","data:image/gif;base64,R0lGODlhAQABAIAAAP///////yH5BAEKAAEALAAAAAABAAEAAAICTAEAOw==",https://www.whsv.com/2020/12/14/70000-doses-of-pfizers-covid-19-vaccine-are-heading-to-18-health-care-systems-across-virginia/,WHSV,70000 doses of Pfizer's COVID-19 vaccine are heading to 18 ...
2 weeks ago,2020-12-18 17:14:05.742212,SINGAPORE (Reuters) - Singapore became on Monday the first Asian country to approve Pfizer-BioNTech's coronavirus vaccine and said it expects to start ...,"data:image/gif;base64,R0lGODlhAQABAIAAAP///////yH5BAEKAAEALAAAAAABAAEAAAICTAEAOw==",https://www.reuters.com/article/health-coronavirus-singapore-lee-idUSKBN28O0YC,Reuters,Singapore approves Pfizer's COVID-19 vaccine in Asia first
1 week ago,2020-12-25 17:14:05.744207,"Pfizer's vaccine was the first to gain authorization for emergency use from the Food and Drug Administration, and initial shipments went to states last week.","data:image/gif;base64,R0lGODlhAQABAIAAAP///////yH5BAEKAAEALAAAAAABAAEAAAICTAEAOw==",https://www.modernhealthcare.com/supply-chain/pfizer-supply-us-additional-100m-vaccines-doses,ModernHealthcare.com,Pfizer to supply US with additional 100M vaccines doses
2 weeks ago,2020-12-18 17:14:05.746202,"14, the Navajo Nation received 3,900 doses of the Pfizer-BioNTech vaccine for COVID-19 and started vaccinations immediately. At Chinle Comprehensive Health ...","data:image/gif;base64,R0lGODlhAQABAIAAAP///////yH5BAEKAAEALAAAAAABAAEAAAICTAEAOw==",https://www.nhonews.com/news/2020/dec/15/navajo-nation-begins-administering-pfizer-biontech/,Navajo-Hopi Observer,Navajo Nation begins administering Pfizer-BioNTech vaccine ...
4 days ago,2020-12-28 17:14:05.747199,"CVS, Walgreens to start administering Pfizer-BioNTech COVID vaccines at Massachusetts long-term care facilities this week. Updated Dec 28, 2020; Posted Dec ...","data:image/gif;base64,R0lGODlhAQABAIAAAP///////yH5BAEKAAEALAAAAAABAAEAAAICTAEAOw==",https://www.masslive.com/coronavirus/2020/12/cvs-walgreens-to-start-administering-pfizer-biontech-covid-vaccines-at-massachusetts-long-term-care-facilities-this-week.html,masslive.com,"CVS, Walgreens to start administering Pfizer-BioNTech COVID vaccines at Massachusetts long-term care faciliti"
1 week ago,2020-12-25 17:14:07.485682,"Person who got Pfizer's COVID-19 vaccine had severe allergic reaction, Alabama health officials say. Nation/world. by: Associated Press. Posted: Dec 23, 2020 / ...","data:image/gif;base64,R0lGODlhAQABAIAAAP///////yH5BAEKAAEALAAAAAABAAEAAAICTAEAOw==",https://ktla.com/news/nationworld/person-who-got-pfizers-covid-19-vaccine-had-severe-allergic-reaction-alabama-health-officials-say/,KTLA,"Person who got Pfizer’s COVID-19 vaccine had severe allergic reaction, Alabama health officials say"
2 weeks ago,2020-12-18 17:14:07.487676,"Walgreens begins administering Pfizer's COVID-19 vaccine in long-term care facilities. Alongside Walgreens, CVS has also partnered with facilities nationwide to ...","data:image/gif;base64,R0lGODlhAQABAIAAAP///////yH5BAEKAAEALAAAAAABAAEAAAICTAEAOw==",https://www.foxbusiness.com/healthcare/walgreens-pfizers-covid-19-vaccine-long-term-care-facilities,Fox Business,Walgreens begins administering Pfizer’s COVID-19 vaccine in long-term care facilities
4 days ago,2020-12-28 17:14:07.488709,"Iran says that an unidentified group of U.S.-based philanthropists plans to send 150,000 of doses of the Pfizer vaccine to Iran in the coming weeks. By NASSER ...","data:image/gif;base64,R0lGODlhAQABAIAAAP///////yH5BAEKAAEALAAAAAABAAEAAAICTAEAOw==",https://abcnews.go.com/Health/wireStory/iran-pfizer-vaccine-batch-expected-us-benefactors-74934790,ABC News,Iran says Pfizer vaccine batch expected from US benefactors
2 weeks ago,2020-12-18 17:14:07.491666,MUST WATCH. Pfizer CEO explains why he hasn't received a vaccine yet 01:33. (CNN) With about 50 million doses of the Pfizer/BioNTech Covid-19 vaccine ...,"data:image/gif;base64,R0lGODlhAQABAIAAAP///////yH5BAEKAAEALAAAAAABAAEAAAICTAEAOw==",https://www.cnn.com/2020/12/14/us/pfizer-ceo-albert-bourla-vaccine/index.html,CNN,Pfizer CEO says company on track to manufacture 1.3 billion Covid-19 vaccine doses globally next year
2 weeks ago,2020-12-18 17:14:07.492663,"Second allocation of Pfizer's COVID-19 vaccine reduced in Georgia. This next round of shipments is bringing in about 40,000 fewer doses from what health and ...","data:image/gif;base64,R0lGODlhAQABAIAAAP///////yH5BAEKAAEALAAAAAABAAEAAAICTAEAOw==",https://www.11alive.com/article/news/health/coronavirus/second-allocation-of-pfizers-covid-19-vaccine-reduced-in-georgia/85-ccce3e41-0cb7-46fd-9244-d29f29536bcf,11Alive.com WXIA,Second allocation of Pfizer's COVID-19 vaccine reduced in Georgia
3 weeks ago,2020-12-11 17:14:07.494657,An FDA advisory committee voted in favor of granting emergency use authorization of Pfizer's COVID-19 vaccine. Talks for another relief package drag on. And ...,"data:image/gif;base64,R0lGODlhAQABAIAAAP///////yH5BAEKAAEALAAAAAABAAEAAAICTAEAOw==",https://www.npr.org/2020/12/11/945339587/news-brief-pfizer-vaccine-vote-covid-19-relief-package-georgia-election-lawsuits,,"News Brief: Pfizer Vaccine Vote, COVID-19 Relief Package ..."
2 weeks ago,2020-12-18 17:14:07.495655,"As the world is now relying on the Pfizer-BioNTech COVID-19 vaccine, the Brazilian President Jair Bolsonaro has decided to not show complete trust in this ...","data:image/gif;base64,R0lGODlhAQABAIAAAP///////yH5BAEKAAEALAAAAAABAAEAAAICTAEAOw==",https://www.wionews.com/world/women-may-grow-beard-after-taking-pfizer-vaccine-jair-bolsonaro-351054,WION,Women may grow beard after taking Pfizer vaccine: Jair Bolsonaro
3 weeks ago,2020-12-11 17:14:07.496653,"With Pfizer's COVID-19 vaccine awaiting Food and Drug Administration authorization, there's speculation about when the U.S. will buy another batch of doses ...","data:image/gif;base64,R0lGODlhAQABAIAAAP///////yH5BAEKAAEALAAAAAABAAEAAAICTAEAOw==",https://www.npr.org/2020/12/10/945136585/if-pfizer-vaccine-is-fda-approved-whats-trump-administrations-plan-for-buying-it,,"If Pfizer Vaccine Is FDA Approved, What's Trump ..."
3 weeks ago,2020-12-11 17:14:07.497650,Career scientists at the FDA analyzed the data from the ongoing Pfizer trial to form ... which the FDA's analysis says is 95% effective — affirming Pfizer's findings.,"data:image/gif;base64,R0lGODlhAQABAIAAAP///////yH5BAEKAAEALAAAAAABAAEAAAICTAEAOw==",https://www.npr.org/sections/coronavirus-live-updates/2020/12/08/944286693/fda-head-stephen-hahn-on-whats-next-for-pfizer-vaccine-in-fast-moving-process,NPR,FDA Head Stephen Hahn On What's Next For Pfizer Vaccine ...
4 days ago,2020-12-28 17:14:07.499645,"Pfizer will have the exclusive right to commercialize relugolix in oncology outside the U.S. and Canada, excluding some Asian countries. Myovant is one of five ...","data:image/gif;base64,R0lGODlhAQABAIAAAP///////yH5BAEKAAEALAAAAAABAAEAAAICTAEAOw==",https://www.marketwatch.com/story/myovant-shares-soar-16-premarket-on-news-of-pfizer-cancer-drug-deal-worth-up-to-42-billion-2020-12-28,MarketWatch,UPDATE: Myovant shares soar 20% premarket on news of Pfizer cancer drug deal worth up to $4.2 billion
3 weeks ago,2020-12-11 17:14:08.617714,"Dry ice sales are surging as hospitals prepare for the arrival of Pfizer's Covid-19 vaccine, which requires ultra-cold storage. “Our inventory is a little shot. We've ...","data:image/gif;base64,R0lGODlhAQABAIAAAP///////yH5BAEKAAEALAAAAAABAAEAAAICTAEAOw==",https://www.cnbc.com/2020/12/09/covid-vaccine-dry-ice-sales-skyrocket-as-hospitals-prepare-to-deliver-shots.html,CNBC,Dry ice sales booming as hospitals get ready to store Pfizer's Covid vaccine at minus 94 degrees
2 weeks ago,2020-12-18 17:14:08.619709,"Of Pfizer's 2.9 million vaccines sent out across the country, the first batch of 33,000 doses reached Los Angeles International Airport on Sunday night. Newsom ...","data:image/gif;base64,R0lGODlhAQABAIAAAP///////yH5BAEKAAEALAAAAAABAAEAAAICTAEAOw==",https://www.kcra.com/article/covid-19-vaccine-shipment-uc-davis-health/34976260,KCRA Sacramento,'Waiting for this day': ER nurse gets first COVID-19 vaccine in Sacramento
1 week ago,2020-12-25 17:14:08.621704,Nurse who fainted after getting Pfizer/BioNTech COVID-19 vaccine has a history of fainting episodes; does not mean the vaccine is unsafe. 604. SHARES.,"data:image/gif;base64,R0lGODlhAQABAIAAAP///////yH5BAEKAAEALAAAAAABAAEAAAICTAEAOw==",https://healthfeedback.org/claimreview/nurse-who-fainted-after-getting-pfizer-biontech-covid-19-vaccine-has-a-history-of-fainting-episodes-does-not-mean-the-vaccine-is-unsafe/,Health Feedback,Nurse who fainted after getting Pfizer/BioNTech COVID-19 vaccine has a history of fainting episodes; does not mean the vaccine is unsafe
1 week ago,2020-12-25 17:14:08.622701,"BRUSSELS (Reuters) -The European Union has agreed to pay 15.50 euros ($18.90) per dose for the COVID-19 vaccine developed by Pfizer and BioNTech, ...","data:image/gif;base64,R0lGODlhAQABAIAAAP///////yH5BAEKAAEALAAAAAABAAEAAAICTAEAOw==",https://www.reuters.com/article/us-health-coronavirus-eu-vaccine-prices-idUSKBN28V0Y6,Reuters,EU agreed 15.50 euros per dose for Pfizer vaccine -document
3 weeks ago,2020-12-11 17:14:08.625700,"PITTSBURGH — “We are preparing to receive thousands of doses of Pfizer,” Graham Snyder, M.D., UPMC medical director of infection prevention and hospital ...","data:image/gif;base64,R0lGODlhAQABAIAAAP///////yH5BAEKAAEALAAAAAABAAEAAAICTAEAOw==",https://www.lockhaven.com/news/local-news/2020/12/upmc-professionals-discuss-pfizer-vaccine-allocation-distribution/,,UPMC professionals discuss Pfizer vaccine allocation ...
3 weeks ago,2020-12-11 17:14:08.628685,All eyes will be on the Food and Drug Administration on Thursday when an advisory committee is set to meet and discuss Pfizer's request for emergency-use ...,"data:image/gif;base64,R0lGODlhAQABAIAAAP///////yH5BAEKAAEALAAAAAABAAEAAAICTAEAOw==",https://www.chicagotribune.com/coronavirus/ct-cb-covid-19-vaccine-illinois-what-to-know-20201209-eo3iz6wrfzcqrbtuivk2ud4baq-story.html,Chicago Tribune,"If Pfizer's COVID-19 vaccine is OK'd, impact will be felt in Chicago and rest of Illinois"
1 week ago,2020-12-25 17:14:08.629683,"That chemical — present in both the Pfizer and Moderna COVID-19 vaccines — can be associated with allergic reactions, added Director Peter Marks. “We just ...","data:image/gif;base64,R0lGODlhAQABAIAAAP///////yH5BAEKAAEALAAAAAABAAEAAAICTAEAOw==",https://www.bostonherald.com/2020/12/25/coronavirus-vaccine-allergic-reactions-chemical-in-both-pfizer-and-moderna-vaccines-could-be-a-culprit/,Boston Herald,Coronavirus vaccine allergic reactions: Chemical in both Pfizer and Moderna vaccines ‘could be a culprit’
3 weeks ago,2020-12-11 17:14:08.631677,The U.S. federal government will continue to monitor occurrences of Bell's palsy — a partial paralysis in the face — among people who receive Pfizer's Covid-19 ...,"data:image/gif;base64,R0lGODlhAQABAIAAAP///////yH5BAEKAAEALAAAAAABAAEAAAICTAEAOw==",https://www.cnbc.com/2020/12/11/cdc-monitors-for-bells-palsy-among-pfizer-vaccine-recipients-sees-no-causal-relationship.html,CNBC,"CDC will monitor for Bell’s palsy among Pfizer vaccine recipients, but sees no causal relationship"
1 day ago,2020-12-31 17:14:08.633672,"In the second case of its kind, a man in Israel died shortly after taking the Pfizer Coronavirus vaccine in Israel. This instance took place on Tuesday night when ...","data:image/gif;base64,R0lGODlhAQABAIAAAP///////yH5BAEKAAEALAAAAAABAAEAAAICTAEAOw==",https://www.theyeshivaworld.com/news/featured/1933219/jerusalem-man-dies-shortly-after-taking-pfizer-coronavirus-vaccine.html,Yeshiva World News,Jerusalem Man Dies Shortly After Taking Pfizer Coronavirus ...
1 week ago,2020-12-25 17:14:08.634669,"As boxes of Pfizer vaccines began arriving around the country this week, hospital pharmacists made a surprising discovery: Some of the glass vials that are ...","data:image/gif;base64,R0lGODlhAQABAIAAAP///////yH5BAEKAAEALAAAAAABAAEAAAICTAEAOw==",https://www.nytimes.com/2020/12/16/health/Covid-Pfizer-vaccine-extra-doses.html,The New York Times,Hospitals Discover a Surprise in Their Pfizer Vaccine Deliveries: Extra Doses
1 week ago,2020-12-25 17:14:09.660104,The statistics shared by the CDC for this week's vaccine administration all relate to the Pfizer/BioNTech COVID-19 vaccine. The FDA last week said extra doses ...,"data:image/gif;base64,R0lGODlhAQABAIAAAP///////yH5BAEKAAEALAAAAAABAAEAAAICTAEAOw==",https://finance.yahoo.com/news/cdc-says-over-556-208-073914395.html,Yahoo Finance,"CDC Says Over 556,208 Pfizer/BioNTech COVID-19 Shots Administered In Week 1 Of Inoculation Drive"
2 days ago,2020-12-30 17:14:09.661101,Moderna's vaccine needs to be stored at -20C and Pfizer's vaccine at -70C. It means that both Sinovac and the Oxford-AstraZeneca vaccine are a lot more useful to ...,"data:image/gif;base64,R0lGODlhAQABAIAAAP///////yH5BAEKAAEALAAAAAABAAEAAAICTAEAOw==",https://www.bbc.com/news/world-asia-china-55212787,BBC News,Covid: What do we know about China's coronavirus vaccines?
3 weeks ago,2020-12-11 17:14:09.662096,"“I am pleased that Pfizer's vaccine has undergone a critical phase with FDA approval,” said Health Minister Yuli Edelstein on Friday, just after the FDA's Vaccines ...","data:image/gif;base64,R0lGODlhAQABAIAAAP///////yH5BAEKAAEALAAAAAABAAEAAAICTAEAOw==",https://www.jpost.com/breaking-news/fda-approves-pfizer-biontech-covid-19-vaccine-for-emergency-use-nyt-651871,The Jerusalem Post,Israeli Health Minister ‘pleased’ as FDA approves Pfizer COVID-19 vaccine
2 weeks ago,2020-12-18 17:14:09.664091,"Should the U.S. Have Bought More Doses of Pfizer's COVID Vaccine? Hindsight is always 20/20. But in a year like 2020, it's probably better to err on the side of ...","data:image/gif;base64,R0lGODlhAQABAIAAAP///////yH5BAEKAAEALAAAAAABAAEAAAICTAEAOw==",https://www.fool.com/investing/2020/12/14/should-the-us-have-bought-more-doses-of-pfizers-co/,Motley Fool,Should the U.S. Have Bought More Doses of Pfizer's COVID Vaccine?
3 weeks ago,2020-12-11 17:14:09.665088,The US Food and Drug Administration (FDA) has granted Pfizer's 20-valent pneumococcal conjugate vaccine (20vPnC) candidate a priority review for the ...,"data:image/gif;base64,R0lGODlhAQABAIAAAP///////yH5BAEKAAEALAAAAAABAAEAAAICTAEAOw==",http://www.pharmatimes.com/news/pfizers_pneumococcal_disease_vaccine_scores_us_priority_review_1359728,PharmaTimes,Pfizer's pneumococcal disease vaccine scores FDA priority ...
2 weeks ago,2020-12-18 17:14:09.666088,The former FDA chief said he was optimistic that the company and the Trump administration would eventually strike a deal for additional doses of Pfizer's Covid ...,"data:image/gif;base64,R0lGODlhAQABAIAAAP///////yH5BAEKAAEALAAAAAABAAEAAAICTAEAOw==",https://www.cnbc.com/2020/12/14/covid-vaccine-us-passed-on-more-pfizer-doses-in-november-says-board-member-gottlieb.html,CNBC,"U.S. could have bought additional Pfizer vaccines in November but passed, says Pfizer board member"
1 week ago,2020-12-25 17:14:09.668082,"An Israeli pharmacist is really protected against COVID-19 — after being accidentally injected with four doses of the Pfizer shot, according to a report. Uday Azizi ...","data:image/gif;base64,R0lGODlhAQABAIAAAP///////yH5BAEKAAEALAAAAAABAAEAAAICTAEAOw==",https://nypost.com/2020/12/23/pharmacist-accidentally-gets-four-doses-of-pfizers-covid-vaccine/,New York Post,Pharmacist reportedly injected with four doses of Pfizer's COVID-19 vaccine
4 weeks ago,2020-12-04 17:14:09.669079,"In fact, health authorities in the United Kingdom approved Pfizer's vaccine last week. And the FDA will now review it at a public hearing this coming Thursday. If it ...","data:image/gif;base64,R0lGODlhAQABAIAAAP///////yH5BAEKAAEALAAAAAABAAEAAAICTAEAOw==",https://www.npr.org/2020/12/05/943453961/fda-to-review-possibly-authorize-pfizer-vaccine-next-week,,"FDA To Review, Possibly Authorize Pfizer Vaccine Next Week"
1 week ago,2020-12-25 17:14:09.670075,"MADISON, Wis. — SSM Health announced it has received its second shipment of the Pfizer COVID-19 vaccine Monday. The news comes one week after the ...","data:image/gif;base64,R0lGODlhAQABAIAAAP///////yH5BAEKAAEALAAAAAABAAEAAAICTAEAOw==",https://www.channel3000.com/ssm-health-receives-another-shipment-of-pfizer-covid-19-vaccine/,Channel3000.com - WISC-TV3,SSM Health receives another shipment of Pfizer COVID-19 ...
2 weeks ago,2020-12-18 17:14:09.671076,"Pfizer's COVID-19 vaccine. (Irfan Khan/Los Angeles Times). By Laura J. Nelson,. Maya ...","data:image/gif;base64,R0lGODlhAQABAIAAAP///////yH5BAEKAAEALAAAAAABAAEAAAICTAEAOw==",https://www.latimes.com/california/story/2020-12-18/wealthy-patients-scramble-covid-19-vaccine,,The wealthy scramble to get the COVID-19 vaccine
3 weeks ago,2020-12-11 17:14:10.014159,"According to an FDA analysis of the Pfizer vaccine study, there does appear to be ""some protection against COVID-19,"" after just one dose of the vaccine.","data:image/gif;base64,R0lGODlhAQABAIAAAP///////yH5BAEKAAEALAAAAAABAAEAAAICTAEAOw==",https://www.kiiitv.com/article/news/verify/why-are-there-two-doses-of-the-covid-vaccine-what-happens-if-i-skip-one-dose-fact-check-moderna-pfizer/65-8137b531-8a09-471b-bd81-25ebc505180d,KIIITV.com,VERIFY: Why are there two doses of the COVID-19 vaccine? What if you skip the second dose or get it late?
1 week ago,2020-12-25 17:14:10.015153,"Pfizer's COVID-19 vaccine has been administered to millions, but that number remains small compared to the number of doses distributed. Bourla calls this a win.","data:image/gif;base64,R0lGODlhAQABAIAAAP///////yH5BAEKAAEALAAAAAABAAEAAAICTAEAOw==",https://kutv.com/news/local/covid-19-vaccine-navajo-nation-with-pfizer-ceo,KUTV 2News,COVID-ravaged Indigenous communities hear from Pfizer CEO about vaccine
3 weeks ago,2020-12-11 17:14:10.016150,"The news comes after the Pfizer-BioNTech Covid-19 vaccine cleared its final hurdle: Dr. Robert Redfield, director of the US Centers for Disease Control and ...","data:image/gif;base64,R0lGODlhAQABAIAAAP///////yH5BAEKAAEALAAAAAABAAEAAAICTAEAOw==",https://www.cnn.com/2020/12/13/health/us-coronavirus-sunday/index.html,CNN,Covid-19 vaccine en route to every state as health officials say they hope immunizations begin Monday
3 weeks ago,2020-12-11 17:14:10.018145,"PORTAGE, MI -- Leaders across Southwest Michigan are praising Pfizer's success in developing a vaccine aimed at ending the coronavirus pandemic as trucks ...","data:image/gif;base64,R0lGODlhAQABAIAAAP///////yH5BAEKAAEALAAAAAABAAEAAAICTAEAOw==",https://www.mlive.com/news/kalamazoo/2020/12/as-pfizer-prepares-to-ship-covid-19-vaccine-michigan-manufacturing-plant-takes-center-stage.html,mlive.com,"As Pfizer prepares to ship COVID-19 vaccine, Michigan manufacturing plant takes center stage"
3 weeks ago,2020-12-11 17:14:10.019144,"In coronavirus developments stateside, CDC Director Robert Redfield has signed off on Pfizer's Covid-19 vaccine, allowing inoculations to officially move ...","data:image/gif;base64,R0lGODlhAQABAIAAAP///////yH5BAEKAAEALAAAAAABAAEAAAICTAEAOw==",https://www.cnbc.com/2020/12/14/asia-markets-bank-of-japan-tankan-survey-coronavirus-currencies.html,CNBC,Asia-Pacific stocks mixed as investors react to Pfizer's vaccine approval
1 day ago,2020-12-31 17:14:10.020141,Pfizer says there are no data to show that a single dose of its vaccine provides protection beyond 21 days. Two doses given three weeks apart are 95% effective.,"data:image/gif;base64,R0lGODlhAQABAIAAAP///////yH5BAEKAAEALAAAAAABAAEAAAICTAEAOw==",https://www.thestreet.com/investing/pfizer-says-single-vaccine-dose-doesnt-protect-beyond-21-days,TheStreet,Pfizer: No Data to Show Single Vaccine Dose Protects Beyond 21 Days
2 weeks ago,2020-12-18 17:14:10.022139,Americans are increasingly concerned about vaccine safety after four people in Pfizer-BioNTech trials and three people in the Moderna trials developed Bell's ...,"data:image/gif;base64,R0lGODlhAQABAIAAAP///////yH5BAEKAAEALAAAAAABAAEAAAICTAEAOw==",https://www.usatoday.com/story/news/health/2020/12/15/pfizer-moderna-covid-vaccine-trials-and-bells-palsy-what-it/3904994001/,USA TODAY,COVID-19 vaccine trials report cases of brief facial paralysis. That's not as scary as it sounds.
2 weeks ago,2020-12-18 17:14:10.023131,"Respondents considered that the vaccination of the CEO of Pfizer would be more decisive than if the president-elect, Joe Biden , received the drug. ""With that in ...","data:image/gif;base64,R0lGODlhAQABAIAAAP///////yH5BAEKAAEALAAAAAABAAEAAAICTAEAOw==",https://www.entrepreneur.com/article/361825,Entrepreneur,Why hasn't the Pfizer CEO injected his own COVID-19 vaccine?
3 weeks ago,2020-12-11 17:14:10.025133,"Like Pfizer's, it also has to be frozen, but only at -20C, the temperature of a standard freezer. But the British-made Oxford-AstraZenca vaccine should avoid such ...","data:image/gif;base64,R0lGODlhAQABAIAAAP///////yH5BAEKAAEALAAAAAABAAEAAAICTAEAOw==",https://www.bbc.com/news/health-55274833,BBC News,Covid vaccine: How will the UK jab millions of people?
1 week ago,2020-12-25 17:14:10.028114,Vaccines produced by Pfizer-BioNTech and Moderna have reported efficacy ... pharmaceutical giant Pfizer and its German partner BioNTech for emergency use.,"data:image/gif;base64,R0lGODlhAQABAIAAAP///////yH5BAEKAAEALAAAAAABAAEAAAICTAEAOw==",https://www.cnbc.com/2020/12/21/covid-vaccines-will-protect-against-new-strains-of-the-virus-doctor.html,CNBC,Experts expect vaccines to protect against the UK's fast-spreading Covid strain
2 weeks ago,2020-12-18 17:14:11.166183,"11, 2020, Healthcare and Cannabis Bureau Chief Corinne Cardina and Fool.com contributor Adria Cimino discuss key elements Pfizer's vaccine must address in ...","data:image/gif;base64,R0lGODlhAQABAIAAAP///////yH5BAEKAAEALAAAAAABAAEAAAICTAEAOw==",https://www.fool.com/investing/2020/12/16/3-things-pfizers-coronavirus-vaccine-still-has-to/,Motley Fool,3 Things Pfizer's Coronavirus Vaccine Still Has to Prove
3 weeks ago,2020-12-11 17:14:11.167180,"Shipments started leaving Pfizer's Michigan plant early Sunday morning, less than two days after the Food and Drug Administration authorized the vaccine for ...","data:image/gif;base64,R0lGODlhAQABAIAAAP///////yH5BAEKAAEALAAAAAABAAEAAAICTAEAOw==",https://www.bloomberg.com/news/articles/2020-12-13/hospitals-await-first-shipments-of-pfizer-s-covid-19-vaccine,Bloomberg,Hospitals Await First Shipments of Pfizer's Covid-19 Vaccine
3 weeks ago,2020-12-11 17:14:11.169211,An independent panel of experts has overwhelmingly voted to recommend that the Food and Drug Administration authorize Pfizer's Covid-19 vaccine for ...,"data:image/gif;base64,R0lGODlhAQABAIAAAP///////yH5BAEKAAEALAAAAAABAAEAAAICTAEAOw==",https://www.nbcnews.com/health/health-news/pfizer-s-covid-19-vaccine-receives-key-fda-panel-recommendation-n1250692,NBC News,Pfizer's Covid-19 vaccine receives key FDA panel recommendation
4 weeks ago,2020-12-04 17:14:11.170212,"HONOLULU, Hawaii (HawaiiNewsNow) - The Hawaii Department of Health filed a prepositioning order for Pfizer's COVID-19 vaccine on Friday. State health ...","data:image/gif;base64,R0lGODlhAQABAIAAAP///////yH5BAEKAAEALAAAAAABAAEAAAICTAEAOw==",https://www.hawaiinewsnow.com/2020/12/06/hawaii-doh-places-its-first-order-pfizers-covid-vaccine/,Hawaii News Now,Hawaii DOH places its first order for Pfizer’s COVID-19 vaccine
1 week ago,2020-12-25 17:14:11.171205,"Several weeks later, Callum received a response — from Pfizer's chief executive, Albert Bourla, according to the Irish Examiner. “Letters like these — from children ...","data:image/gif;base64,R0lGODlhAQABAIAAAP///////yH5BAEKAAEALAAAAAABAAEAAAICTAEAOw==",https://www.nytimes.com/2020/12/24/world/an-irish-boy-writes-to-pfizer-requesting-a-vaccination-for-santa-and-receives-a-reply-from-its-ceo.html,The New York Times,"An Irish boy writes to Pfizer requesting a vaccination for Santa, and receives a reply from its C.E.O."
3 weeks ago,2020-12-11 17:14:11.173200,"A man receives the first of two Pfizer/BioNTech COVID-19 vaccines at a hospital in London Dec. 8, 2020. (CNS photo/Victoria Jones pool via Reuters). By: Cindy ...","data:image/gif;base64,R0lGODlhAQABAIAAAP///////yH5BAEKAAEALAAAAAABAAEAAAICTAEAOw==",https://www.catholicnews.com/vatican-will-offer-pfizer-vaccine-against-covid-19-to-employees/,Catholic News Service,Vatican will offer Pfizer vaccine against COVID-19 to employees
3 days ago,2020-12-29 17:14:11.174198,"JAKARTA (Reuters) - Indonesia is poised to secure coronavirus vaccines from Pfizer and AstraZeneca, the health minister said on Tuesday, as it awaits ...","data:image/gif;base64,R0lGODlhAQABAIAAAP///////yH5BAEKAAEALAAAAAABAAEAAAICTAEAOw==",https://www.reuters.com/article/health-coronavirus-indonesia/indonesia-to-ink-pfizer-astrazeneca-vaccine-deals-as-awaits-sinovac-clearance-idINKBN2930Z7,Reuters,"Indonesia to ink Pfizer, AstraZeneca vaccine deals as awaits Sinovac clearance"
2 weeks ago,2020-12-18 17:14:11.176158,"How Pfizer's coronavirus vaccine was produced and distributed from Michigan plant in record time · Pfizer Inc.'s global manufacturing campus in Portage, Michigan.","data:image/gif;base64,R0lGODlhAQABAIAAAP///////yH5BAEKAAEALAAAAAABAAEAAAICTAEAOw==",https://www.mlive.com/news/2020/12/how-pfizers-coronavirus-vaccine-was-produced-and-distributed-from-michigan-plant-in-record-time.html,mlive.com,How Pfizer’s coronavirus vaccine was produced and distributed from Michigan plant in record time
1 week ago,2020-12-25 17:14:11.179191,"Munson Healthcare receives second shipment of Pfizer vaccine, Moderna coming Wednesday. by Natalie Spala. Tuesday, December 22nd 2020. AA.","data:image/gif;base64,R0lGODlhAQABAIAAAP///////yH5BAEKAAEALAAAAAABAAEAAAICTAEAOw==",https://upnorthlive.com/news/local/munson-healthcare-receives-second-shipment-of-pfizer-vaccine-moderna-coming-wednesday,UpNorthLive.com,"Munson Healthcare receives second shipment of Pfizer vaccine, Moderna coming Wednesday"
2 weeks ago,2020-12-18 17:14:11.180182,"Prior to Pfizer, Mr. Caldini held similar senior leadership positions in other global markets, including China and Europe, while at Bayer Consumer Health and ...","data:image/gif;base64,R0lGODlhAQABAIAAAP///////yH5BAEKAAEALAAAAAABAAEAAAICTAEAOw==",https://www.globenewswire.com/news-release/2020/12/18/2147749/0/en/Acreage-Holdings-Names-Peter-Caldini-Former-President-Pfizer-North-America-Consumer-Healthcare-as-CEO.html,GlobeNewswire,"Acreage Holdings Names Peter Caldini, Former President ..."
3 weeks ago,2020-12-11 17:14:12.299863,"After a year of grim milestones, the data from Pfizer's vaccine trial will be the good news we'll remember. by. Antonio Regalado archive page. December 10, 2020.","data:image/gif;base64,R0lGODlhAQABAIAAAP///////yH5BAEKAAEALAAAAAABAAEAAAICTAEAOw==",https://www.technologyreview.com/2020/12/10/1013914/pfizer-biontech-vaccine-chart-covid-19/,MIT Technology Review,The chart that shows how we’ll get back to normal
1 week ago,2020-12-25 17:14:12.300860,"Suspicions grow that nanoparticles in Pfizer's COVID-19 vaccine trigger rare allergic reactions. By Jop de Vrieze Dec. 21, 2020 , 5:10 PM. Science 's COVID-19 ...","data:image/gif;base64,R0lGODlhAQABAIAAAP///////yH5BAEKAAEALAAAAAABAAEAAAICTAEAOw==",https://www.sciencemag.org/news/2020/12/suspicions-grow-nanoparticles-pfizer-s-covid-19-vaccine-trigger-rare-allergic-reactions,Science Magazine,Suspicions grow that nanoparticles in Pfizer's COVID-19 ...
4 weeks ago,2020-12-04 17:14:12.302855,"Once the Moderna vaccine is authorized, perhaps a week after Pfizer's, 12.5 million doses would begin to be released, under a similar schedule. AD. Army Gen.","data:image/gif;base64,R0lGODlhAQABAIAAAP///////yH5BAEKAAEALAAAAAABAAEAAAICTAEAOw==",https://www.washingtonpost.com/business/2020/12/05/operation-warp-speed-coronavirus-vaccine-shortfall/,Washington Post,"Trump’s Operation Warp Speed promised a flood of covid vaccines. Instead, states are expecting a trickle."
3 weeks ago,2020-12-11 17:14:12.303853,"Pfizer said the first shipment would leave its Kalamazoo, Mich., plant, above, early Sunday morning. The first injections are expected to be given by Monday to high ...","data:image/gif;base64,R0lGODlhAQABAIAAAP///////yH5BAEKAAEALAAAAAABAAEAAAICTAEAOw==",https://www.nytimes.com/2020/12/13/briefing/pfizer-vaccine-electoral-college-holiday-baking.html,The New York Times,"Pfizer Vaccine, Electoral College, Holiday Baking: Your Weekend Briefing"
2 weeks ago,2020-12-18 17:14:12.305847,"Experts said concerns over legal action, as well as bad publicity if vaccine doses were lost to thawing after delivery, likely drove Pfizer's thinking. Pfizer is shipping ...","data:image/gif;base64,R0lGODlhAQABAIAAAP///////yH5BAEKAAEALAAAAAABAAEAAAICTAEAOw==",https://www.statnews.com/2020/12/17/pfizer-decision-to-turn-off-temperature-sensors-forced-scramble-to-ensure-covid19-vaccines-kept-cold/,STAT,Pfizer decision on vaccine temperature sensors forced scramble
1 week ago,2020-12-25 17:14:12.306845,The reason: Pfizer's vaccine is a two-dose regimen that requires a second shot three weeks after the first. Vaccine administration sites choosing to administer extra ...,"data:image/gif;base64,R0lGODlhAQABAIAAAP///////yH5BAEKAAEALAAAAAABAAEAAAICTAEAOw==",https://spectrumnews1.com/oh/columbus/news/2020/12/22/ohio-health-covid19-extra-shots-pfizer-vaccine-,Spectrum News 1,Why One Hospital System Isn't Using Its Extra Pfizer Doses
3 weeks ago,2020-12-11 17:14:12.308840,"Trump administration passed Pfizer's offer to sell more vaccine doses -NYT. December 7, 2020 ·1 min read.","data:image/gif;base64,R0lGODlhAQABAIAAAP///////yH5BAEKAAEALAAAAAABAAEAAAICTAEAOw==",https://finance.yahoo.com/news/trump-administration-passed-pfizers-offer-220334386.html,Yahoo Finance,Trump administration passed Pfizer's offer to sell more vaccine doses -NYT
4 weeks ago,2020-12-04 17:14:12.310834,"Pfizer, partnering with BioNTech, and Moderna have created promising vaccines that scientists hope will lead to more medical breakthroughs using mRNA.","data:image/gif;base64,R0lGODlhAQABAIAAAP///////yH5BAEKAAEALAAAAAABAAEAAAICTAEAOw==",https://www.washingtonpost.com/health/2020/12/06/covid-vaccine-messenger-rna/,Washington Post,A gamble pays off in ‘spectacular success’: How the leading coronavirus vaccines made it to the finish line
2 days ago,2020-12-30 17:14:12.312828,Retired Eastman chemist Bill Tindall receives either a Pfizer COVID-19 vaccine or a placebo as part of a clinical trial. He said he no immune response and may ...,"data:image/gif;base64,R0lGODlhAQABAIAAAP///////yH5BAEKAAEALAAAAAABAAEAAAICTAEAOw==",https://www.timesnews.net/news/local-news/many-local-participants-in-pfizer-covid-19-trial-still-double-blinded/article_231535f0-49f7-11eb-8936-d35f3ae4c9d8.html,Kingsport Times News,Many local participants in Pfizer COVID-19 trial still double ...
2 weeks ago,2020-12-18 17:14:12.313828,"What to watch today: Dow set for higher open as Pfizer's vaccine rolls out. Published Mon, Dec 14 20208:54 AM EST Updated Mon, Dec 14 20208 ...","data:image/gif;base64,R0lGODlhAQABAIAAAP///////yH5BAEKAAEALAAAAAABAAEAAAICTAEAOw==",https://www.cnbc.com/2020/12/14/what-to-watch-dow-set-for-higher-open-as-pfizers-vaccine-rolls-out.html,CNBC,What to watch today: Dow set for higher open as Pfizer's vaccine rolls out
2 days ago,2020-12-30 17:14:12.700227,"Pfizer Inc. closed $6.34 below its 52-week high ($43.08), which the company achieved on December 9th. The stock demonstrated a mixed performance when ...","data:image/gif;base64,R0lGODlhAQABAIAAAP///////yH5BAEKAAEALAAAAAABAAEAAAICTAEAOw==",https://www.marketwatch.com/story/pfizer-inc-stock-underperforms-wednesday-when-compared-to-competitors-01609363840-4c953a199e56,MarketWatch,Pfizer Inc. stock underperforms Wednesday when compared to competitors
1 day ago,2020-12-31 17:14:12.701221,"Safety over a median of 2 months was similar to that of other viral vaccines. (Funded by BioNTech and Pfizer; ClinicalTrials.gov number, NCT04368728. opens ...","data:image/gif;base64,R0lGODlhAQABAIAAAP///////yH5BAEKAAEALAAAAAABAAEAAAICTAEAOw==",https://www.nejm.org/doi/full/10.1056/NEJMoa2034577,,Safety and Efficacy of the BNT162b2 mRNA Covid-19 Vaccine ...
3 weeks ago,2020-12-11 17:14:12.702215,"FDA authorizes Pfizer vaccine. The authorization is ""a significant milestone in battling this devastating pandemic,"" FDA commissioner Dr. Stephen Hahn said in a ...","data:image/gif;base64,R0lGODlhAQABAIAAAP///////yH5BAEKAAEALAAAAAABAAEAAAICTAEAOw==",https://www.nbcnews.com/news/us-news/blog/2020-12-12-covid-live-updates-vaccine-news-n1250986,NBC News,FDA authorizes Pfizer vaccine
1 day ago,2020-12-31 17:14:12.703213,Severe allergy-like reactions in at least 12 people who received the COVID-19 vaccine produced by Pfizer and BioNTech may be due to a compound in the ...,"data:image/gif;base64,R0lGODlhAQABAIAAAP///////yH5BAEKAAEALAAAAAABAAEAAAICTAEAOw==",https://science.sciencemag.org/content/371/6524/10.full,Science,Pfizer's vaccine raises allergy concerns
1 week ago,2020-12-25 17:14:12.705207,Pfizer (NYSE:PFE) began shipping its COVID-19 vaccine for U.S. use nearly two weeks ago. The label on each vial of BNT162b2 states that there are five doses ...,"data:image/gif;base64,R0lGODlhAQABAIAAAP///////yH5BAEKAAEALAAAAAABAAEAAAICTAEAOw==",https://www.fool.com/investing/2020/12/25/heres-what-to-know-about-pfizers-extra-covid-vacci/,Motley Fool,Here's What to Know About Pfizer's 'Extra' COVID Vaccine Doses
6 days ago,2020-12-26 17:14:12.706204,"Pfizer's and Moderna's vaccine rollout widened, China targeted Jack Ma's Alibaba, and the UK border with Europe closed. Kevin Shalvey. Dec 26, 2020, 12:00 PM.","data:image/gif;base64,R0lGODlhAQABAIAAAP///////yH5BAEKAAEALAAAAAABAAEAAAICTAEAOw==",https://www.businessinsider.com/pfizer-and-moderna-alibaba-the-uk-border-news-last-week-2020-12,Business Insider,"Pfizer and Moderna, Alibaba, and the UK border made the news last week - Business Insider"
1 week ago,2020-12-25 17:14:12.707209,The newly authorized coronavirus vaccines from Pfizer (NYSE:PFE) and Moderna ... about a similar potential side effect of Pfizer's and Moderna's vaccines.,"data:image/gif;base64,R0lGODlhAQABAIAAAP///////yH5BAEKAAEALAAAAAABAAEAAAICTAEAOw==",https://www.fool.com/investing/2020/12/23/should-you-worry-about-this-side-effect-to-moderna/,Motley Fool,Should You Worry About This Side Effect to Moderna's and Pfizer's COVID Vaccines?
19 hours ago,2020-12-31 22:14:12.709205,"The World Health Organization on Thursday approved the Pfizer-BioNTech coronavirus vaccine for emergency use, a move aimed at helping the developing world ...","data:image/gif;base64,R0lGODlhAQABAIAAAP///////yH5BAEKAAEALAAAAAABAAEAAAICTAEAOw==",https://www.voanews.com/covid-19-pandemic/who-approves-emergency-use-pfizer-vaccine,Voice of America,WHO Approves Emergency Use of Pfizer Vaccine
1 day ago,2020-12-31 17:14:12.711117,"First residents at Good Samaritan Society receive Pfizer vaccine. Local News. by: Max Hofer. Posted: Dec 31, 2020 / 06:53 AM CST / Updated: Dec 31, 2020 ...","data:image/gif;base64,R0lGODlhAQABAIAAAP///////yH5BAEKAAEALAAAAAABAAEAAAICTAEAOw==",https://www.keloland.com/news/local-news/first-residents-at-good-samaritan-society-receive-pfizer-vaccine/,KELOLAND.com,First residents at Good Samaritan Society receive Pfizer vaccine
23 hours ago,2020-12-31 18:14:12.712189,"Both the Pfizer and Moderna vaccines use mRNA to create an immune response in the body. The AstraZeneca vaccine uses a weakened common cold virus, ...","data:image/gif;base64,R0lGODlhAQABAIAAAP///////yH5BAEKAAEALAAAAAABAAEAAAICTAEAOw==",https://www.ktbs.com/news/health/coronavirus/pfizer-vaccine-expert-explains-differences-in-astrazeneca-oxford-vaccine/article_68036146-4ba5-11eb-83fa-6b96f2b729b2.html,KTBS,Pfizer vaccine expert explains differences in AstraZeneca ...
20 hours ago,2020-12-31 21:14:13.839101,"VA Southern Nevada Healthcare System announced it has dispensed more than 1,200 doses of the Pfizer-BioNTech COVID-19 vaccine in its first week of ...","data:image/gif;base64,R0lGODlhAQABAIAAAP///////yH5BAEKAAEALAAAAAABAAEAAAICTAEAOw==",https://pvtimes.com/news/va-distributes-first-1200-doses-of-pfizer-vaccine-94251/,pvtimes.com,"VA distributes first 1,200 doses of Pfizer vaccine"
2 weeks ago,2020-12-18 17:14:13.840098,This is the only active ingredient in the vaccine. Click to play video 'U.K. advises people with serious allergies to avoid Pfizer-BioNTech's ...,"data:image/gif;base64,R0lGODlhAQABAIAAAP///////yH5BAEKAAEALAAAAAABAAEAAAICTAEAOw==",https://globalnews.ca/news/7525406/covid-vaccine-ingredients-pfizer/,Globalnews.ca,What’s in Pfizer’s vaccine? A look at the ingredients
3 days ago,2020-12-29 17:14:13.842095,"The street mural reads “Thank you Pfizer!” and was painted along Portage Road in front of the Pfizer Global Supply campus, according to a press release from the ...","data:image/gif;base64,R0lGODlhAQABAIAAAP///////yH5BAEKAAEALAAAAAABAAEAAAICTAEAOw==",https://www.mlive.com/news/kalamazoo/2020/12/portage-street-mural-says-thank-you-to-pfizer-workers-producing-covid-19-vaccine.html,mlive.com,Portage street mural says ‘thank you’ to Pfizer workers producing COVID-19 vaccine
1 day ago,2020-12-31 17:14:13.845086,"The Pfizer vaccine, for instance, is only 52% effective at preventing COVID-19 after the first dose. The second shot, when administered three weeks later, brings ...","data:image/gif;base64,R0lGODlhAQABAIAAAP///////yH5BAEKAAEALAAAAAABAAEAAAICTAEAOw==",https://www.businessinsider.com/you-should-wear-mask-long-after-your-covid-19-vaccine-2020-12,Business Insider,Why you have to wear a mask for a few months after you get your COVID-19 vaccine - Business Insider
1 day ago,2020-12-31 17:14:13.847080,The U.S. and U.K. have both approved Pfizer's COVID-19 vaccine and Britain recently approved another vaccine from AstraZeneca and Oxford University.,"data:image/gif;base64,R0lGODlhAQABAIAAAP///////yH5BAEKAAEALAAAAAABAAEAAAICTAEAOw==",https://apnews.com/article/financial-markets-tokyo-hong-kong-shanghai-coronavirus-pandemic-8bf4e2e30dbe816621dafa90c97d0fda,Associated Press,S&P 500 ends at another record high as tumultuous 2020 ends
